id,user_id,challenge_id,image_url,likes
1,54,3,http://dummyimage.com/500x500.png/dddddd/000000,72
2,18,5,http://dummyimage.com/500x500.png/5fa2dd/ffffff,79
3,23,12,http://dummyimage.com/500x500.png/5fa2dd/ffffff,86
4,37,6,http://dummyimage.com/500x500.png/5fa2dd/ffffff,93
5,32,12,http://dummyimage.com/500x500.png/dddddd/000000,24
6,93,19,http://dummyimage.com/500x500.png/5fa2dd/ffffff,58
7,34,10,http://dummyimage.com/500x500.png/cc0000/ffffff,24
8,37,20,http://dummyimage.com/500x500.png/5fa2dd/ffffff,5
9,32,10,http://dummyimage.com/500x500.png/cc0000/ffffff,80
10,86,16,http://dummyimage.com/500x500.png/ff4444/ffffff,96
11,43,3,http://dummyimage.com/500x500.png/5fa2dd/ffffff,51
12,69,12,http://dummyimage.com/500x500.png/ff4444/ffffff,54
13,84,2,http://dummyimage.com/500x500.png/ff4444/ffffff,13
14,28,3,http://dummyimage.com/500x500.png/5fa2dd/ffffff,25
15,68,10,http://dummyimage.com/500x500.png/5fa2dd/ffffff,21
16,74,1,http://dummyimage.com/500x500.png/dddddd/000000,65
17,20,7,http://dummyimage.com/500x500.png/5fa2dd/ffffff,58
18,6,3,http://dummyimage.com/500x500.png/ff4444/ffffff,67
19,10,8,http://dummyimage.com/500x500.png/ff4444/ffffff,69
20,45,17,http://dummyimage.com/500x500.png/cc0000/ffffff,82
21,19,5,http://dummyimage.com/500x500.png/dddddd/000000,17
22,17,11,http://dummyimage.com/500x500.png/cc0000/ffffff,83
23,41,14,http://dummyimage.com/500x500.png/cc0000/ffffff,21
24,82,17,http://dummyimage.com/500x500.png/5fa2dd/ffffff,49
25,10,13,http://dummyimage.com/500x500.png/cc0000/ffffff,60
26,63,3,http://dummyimage.com/500x500.png/5fa2dd/ffffff,97
27,35,19,http://dummyimage.com/500x500.png/ff4444/ffffff,87
28,88,17,http://dummyimage.com/500x500.png/ff4444/ffffff,69
29,90,4,http://dummyimage.com/500x500.png/ff4444/ffffff,45
30,75,14,http://dummyimage.com/500x500.png/dddddd/000000,42
31,69,11,http://dummyimage.com/500x500.png/cc0000/ffffff,10
32,39,20,http://dummyimage.com/500x500.png/cc0000/ffffff,56
33,25,11,http://dummyimage.com/500x500.png/5fa2dd/ffffff,85
34,14,15,http://dummyimage.com/500x500.png/ff4444/ffffff,63
35,100,12,http://dummyimage.com/500x500.png/ff4444/ffffff,47
36,50,11,http://dummyimage.com/500x500.png/5fa2dd/ffffff,30
37,8,20,http://dummyimage.com/500x500.png/5fa2dd/ffffff,98
38,78,7,http://dummyimage.com/500x500.png/5fa2dd/ffffff,25
39,96,8,http://dummyimage.com/500x500.png/dddddd/000000,60
40,15,6,http://dummyimage.com/500x500.png/5fa2dd/ffffff,74
41,73,14,http://dummyimage.com/500x500.png/ff4444/ffffff,28
42,60,20,http://dummyimage.com/500x500.png/5fa2dd/ffffff,51
43,88,7,http://dummyimage.com/500x500.png/5fa2dd/ffffff,39
44,11,16,http://dummyimage.com/500x500.png/5fa2dd/ffffff,19
45,56,18,http://dummyimage.com/500x500.png/5fa2dd/ffffff,30
46,57,12,http://dummyimage.com/500x500.png/dddddd/000000,38
47,81,13,http://dummyimage.com/500x500.png/cc0000/ffffff,81
48,63,16,http://dummyimage.com/500x500.png/5fa2dd/ffffff,22
49,36,6,http://dummyimage.com/500x500.png/cc0000/ffffff,39
50,47,8,http://dummyimage.com/500x500.png/5fa2dd/ffffff,88
51,63,3,http://dummyimage.com/500x500.png/dddddd/000000,7
52,68,8,http://dummyimage.com/500x500.png/5fa2dd/ffffff,22
53,1,1,http://dummyimage.com/500x500.png/ff4444/ffffff,9
54,63,15,http://dummyimage.com/500x500.png/cc0000/ffffff,31
55,27,4,http://dummyimage.com/500x500.png/cc0000/ffffff,81
56,47,14,http://dummyimage.com/500x500.png/dddddd/000000,93
57,17,10,http://dummyimage.com/500x500.png/5fa2dd/ffffff,95
58,15,19,http://dummyimage.com/500x500.png/dddddd/000000,8
59,76,12,http://dummyimage.com/500x500.png/cc0000/ffffff,30
60,18,16,http://dummyimage.com/500x500.png/ff4444/ffffff,3
61,67,15,http://dummyimage.com/500x500.png/cc0000/ffffff,81
62,24,17,http://dummyimage.com/500x500.png/dddddd/000000,86
63,28,12,http://dummyimage.com/500x500.png/ff4444/ffffff,15
64,44,16,http://dummyimage.com/500x500.png/5fa2dd/ffffff,93
65,42,17,http://dummyimage.com/500x500.png/ff4444/ffffff,99
66,99,11,http://dummyimage.com/500x500.png/cc0000/ffffff,42
67,48,14,http://dummyimage.com/500x500.png/dddddd/000000,82
68,63,19,http://dummyimage.com/500x500.png/5fa2dd/ffffff,37
69,67,19,http://dummyimage.com/500x500.png/ff4444/ffffff,47
70,9,20,http://dummyimage.com/500x500.png/5fa2dd/ffffff,75
71,5,18,http://dummyimage.com/500x500.png/dddddd/000000,45
72,33,15,http://dummyimage.com/500x500.png/dddddd/000000,66
73,47,15,http://dummyimage.com/500x500.png/5fa2dd/ffffff,46
74,22,10,http://dummyimage.com/500x500.png/5fa2dd/ffffff,48
75,19,11,http://dummyimage.com/500x500.png/ff4444/ffffff,43
76,88,18,http://dummyimage.com/500x500.png/5fa2dd/ffffff,36
77,49,11,http://dummyimage.com/500x500.png/dddddd/000000,36
78,66,6,http://dummyimage.com/500x500.png/5fa2dd/ffffff,87
79,31,19,http://dummyimage.com/500x500.png/cc0000/ffffff,46
80,31,15,http://dummyimage.com/500x500.png/5fa2dd/ffffff,0
81,20,16,http://dummyimage.com/500x500.png/ff4444/ffffff,47
82,59,18,http://dummyimage.com/500x500.png/ff4444/ffffff,2
83,62,16,http://dummyimage.com/500x500.png/cc0000/ffffff,13
84,31,6,http://dummyimage.com/500x500.png/dddddd/000000,23
85,62,8,http://dummyimage.com/500x500.png/ff4444/ffffff,61
86,64,20,http://dummyimage.com/500x500.png/ff4444/ffffff,6
87,89,20,http://dummyimage.com/500x500.png/dddddd/000000,99
88,8,4,http://dummyimage.com/500x500.png/cc0000/ffffff,49
89,99,10,http://dummyimage.com/500x500.png/cc0000/ffffff,56
90,11,4,http://dummyimage.com/500x500.png/cc0000/ffffff,78
91,48,1,http://dummyimage.com/500x500.png/dddddd/000000,21
92,48,5,http://dummyimage.com/500x500.png/cc0000/ffffff,100
93,19,8,http://dummyimage.com/500x500.png/cc0000/ffffff,18
94,78,16,http://dummyimage.com/500x500.png/ff4444/ffffff,48
95,55,14,http://dummyimage.com/500x500.png/5fa2dd/ffffff,28
96,23,15,http://dummyimage.com/500x500.png/ff4444/ffffff,41
97,100,11,http://dummyimage.com/500x500.png/dddddd/000000,81
98,29,2,http://dummyimage.com/500x500.png/5fa2dd/ffffff,74
99,95,12,http://dummyimage.com/500x500.png/cc0000/ffffff,94
100,88,12,http://dummyimage.com/500x500.png/ff4444/ffffff,25
101,6,6,http://dummyimage.com/500x500.png/cc0000/ffffff,23
102,76,7,http://dummyimage.com/500x500.png/cc0000/ffffff,66
103,57,3,http://dummyimage.com/500x500.png/5fa2dd/ffffff,35
104,6,9,http://dummyimage.com/500x500.png/cc0000/ffffff,77
105,90,15,http://dummyimage.com/500x500.png/dddddd/000000,100
106,81,18,http://dummyimage.com/500x500.png/cc0000/ffffff,52
107,68,8,http://dummyimage.com/500x500.png/5fa2dd/ffffff,15
108,90,16,http://dummyimage.com/500x500.png/cc0000/ffffff,57
109,17,9,http://dummyimage.com/500x500.png/cc0000/ffffff,22
110,38,14,http://dummyimage.com/500x500.png/dddddd/000000,87
111,10,9,http://dummyimage.com/500x500.png/cc0000/ffffff,22
112,39,18,http://dummyimage.com/500x500.png/ff4444/ffffff,27
113,75,12,http://dummyimage.com/500x500.png/5fa2dd/ffffff,31
114,98,19,http://dummyimage.com/500x500.png/cc0000/ffffff,89
115,93,5,http://dummyimage.com/500x500.png/dddddd/000000,3
116,19,2,http://dummyimage.com/500x500.png/dddddd/000000,32
117,98,15,http://dummyimage.com/500x500.png/cc0000/ffffff,58
118,27,10,http://dummyimage.com/500x500.png/5fa2dd/ffffff,31
119,22,8,http://dummyimage.com/500x500.png/dddddd/000000,37
120,33,20,http://dummyimage.com/500x500.png/5fa2dd/ffffff,25
121,50,13,http://dummyimage.com/500x500.png/ff4444/ffffff,19
122,88,2,http://dummyimage.com/500x500.png/5fa2dd/ffffff,58
123,27,18,http://dummyimage.com/500x500.png/cc0000/ffffff,41
124,25,5,http://dummyimage.com/500x500.png/5fa2dd/ffffff,78
125,5,6,http://dummyimage.com/500x500.png/dddddd/000000,24
126,46,9,http://dummyimage.com/500x500.png/dddddd/000000,84
127,23,17,http://dummyimage.com/500x500.png/5fa2dd/ffffff,85
128,45,1,http://dummyimage.com/500x500.png/cc0000/ffffff,84
129,21,2,http://dummyimage.com/500x500.png/5fa2dd/ffffff,10
130,8,9,http://dummyimage.com/500x500.png/dddddd/000000,13
131,65,2,http://dummyimage.com/500x500.png/5fa2dd/ffffff,62
132,21,2,http://dummyimage.com/500x500.png/cc0000/ffffff,61
133,47,13,http://dummyimage.com/500x500.png/cc0000/ffffff,94
134,60,8,http://dummyimage.com/500x500.png/ff4444/ffffff,42
135,86,15,http://dummyimage.com/500x500.png/dddddd/000000,37
136,31,8,http://dummyimage.com/500x500.png/5fa2dd/ffffff,49
137,51,7,http://dummyimage.com/500x500.png/cc0000/ffffff,31
138,60,6,http://dummyimage.com/500x500.png/dddddd/000000,98
139,81,19,http://dummyimage.com/500x500.png/cc0000/ffffff,18
140,14,7,http://dummyimage.com/500x500.png/5fa2dd/ffffff,26
141,81,3,http://dummyimage.com/500x500.png/5fa2dd/ffffff,27
142,84,5,http://dummyimage.com/500x500.png/ff4444/ffffff,80
143,56,2,http://dummyimage.com/500x500.png/dddddd/000000,12
144,57,7,http://dummyimage.com/500x500.png/dddddd/000000,99
145,37,6,http://dummyimage.com/500x500.png/cc0000/ffffff,61
146,13,18,http://dummyimage.com/500x500.png/cc0000/ffffff,71
147,63,9,http://dummyimage.com/500x500.png/cc0000/ffffff,41
148,16,4,http://dummyimage.com/500x500.png/ff4444/ffffff,78
149,21,2,http://dummyimage.com/500x500.png/ff4444/ffffff,6
150,75,10,http://dummyimage.com/500x500.png/ff4444/ffffff,77
151,88,11,http://dummyimage.com/500x500.png/cc0000/ffffff,79
152,10,19,http://dummyimage.com/500x500.png/ff4444/ffffff,85
153,12,8,http://dummyimage.com/500x500.png/5fa2dd/ffffff,37
154,74,20,http://dummyimage.com/500x500.png/dddddd/000000,69
155,100,9,http://dummyimage.com/500x500.png/dddddd/000000,65
156,1,10,http://dummyimage.com/500x500.png/cc0000/ffffff,0
157,66,8,http://dummyimage.com/500x500.png/ff4444/ffffff,71
158,27,1,http://dummyimage.com/500x500.png/ff4444/ffffff,75
159,53,6,http://dummyimage.com/500x500.png/5fa2dd/ffffff,56
160,5,6,http://dummyimage.com/500x500.png/5fa2dd/ffffff,4
161,28,9,http://dummyimage.com/500x500.png/5fa2dd/ffffff,96
162,53,19,http://dummyimage.com/500x500.png/cc0000/ffffff,70
163,21,14,http://dummyimage.com/500x500.png/5fa2dd/ffffff,89
164,54,2,http://dummyimage.com/500x500.png/ff4444/ffffff,84
165,74,18,http://dummyimage.com/500x500.png/5fa2dd/ffffff,74
166,84,17,http://dummyimage.com/500x500.png/cc0000/ffffff,88
167,45,20,http://dummyimage.com/500x500.png/ff4444/ffffff,55
168,21,1,http://dummyimage.com/500x500.png/dddddd/000000,96
169,84,13,http://dummyimage.com/500x500.png/ff4444/ffffff,14
170,95,6,http://dummyimage.com/500x500.png/cc0000/ffffff,95
171,32,19,http://dummyimage.com/500x500.png/ff4444/ffffff,37
172,51,18,http://dummyimage.com/500x500.png/5fa2dd/ffffff,64
173,50,15,http://dummyimage.com/500x500.png/dddddd/000000,18
174,72,13,http://dummyimage.com/500x500.png/cc0000/ffffff,40
175,51,13,http://dummyimage.com/500x500.png/5fa2dd/ffffff,67
176,94,19,http://dummyimage.com/500x500.png/5fa2dd/ffffff,24
177,95,11,http://dummyimage.com/500x500.png/ff4444/ffffff,66
178,79,11,http://dummyimage.com/500x500.png/ff4444/ffffff,84
179,47,5,http://dummyimage.com/500x500.png/ff4444/ffffff,32
180,94,15,http://dummyimage.com/500x500.png/5fa2dd/ffffff,21
181,54,7,http://dummyimage.com/500x500.png/5fa2dd/ffffff,20
182,70,17,http://dummyimage.com/500x500.png/5fa2dd/ffffff,50
183,42,19,http://dummyimage.com/500x500.png/dddddd/000000,83
184,40,17,http://dummyimage.com/500x500.png/dddddd/000000,24
185,47,17,http://dummyimage.com/500x500.png/cc0000/ffffff,83
186,4,17,http://dummyimage.com/500x500.png/cc0000/ffffff,87
187,67,1,http://dummyimage.com/500x500.png/cc0000/ffffff,33
188,23,14,http://dummyimage.com/500x500.png/dddddd/000000,44
189,35,6,http://dummyimage.com/500x500.png/cc0000/ffffff,37
190,21,8,http://dummyimage.com/500x500.png/5fa2dd/ffffff,49
191,41,7,http://dummyimage.com/500x500.png/ff4444/ffffff,38
192,8,8,http://dummyimage.com/500x500.png/5fa2dd/ffffff,36
193,19,1,http://dummyimage.com/500x500.png/ff4444/ffffff,12
194,16,12,http://dummyimage.com/500x500.png/ff4444/ffffff,57
195,91,19,http://dummyimage.com/500x500.png/5fa2dd/ffffff,39
196,13,13,http://dummyimage.com/500x500.png/dddddd/000000,40
197,6,19,http://dummyimage.com/500x500.png/cc0000/ffffff,100
198,85,12,http://dummyimage.com/500x500.png/ff4444/ffffff,19
199,25,5,http://dummyimage.com/500x500.png/ff4444/ffffff,88
200,35,3,http://dummyimage.com/500x500.png/cc0000/ffffff,78
201,29,17,http://dummyimage.com/500x500.png/5fa2dd/ffffff,23
202,15,20,http://dummyimage.com/500x500.png/cc0000/ffffff,70
203,77,13,http://dummyimage.com/500x500.png/cc0000/ffffff,50
204,7,2,http://dummyimage.com/500x500.png/dddddd/000000,6
205,61,12,http://dummyimage.com/500x500.png/5fa2dd/ffffff,45
206,24,4,http://dummyimage.com/500x500.png/dddddd/000000,98
207,62,12,http://dummyimage.com/500x500.png/cc0000/ffffff,35
208,75,2,http://dummyimage.com/500x500.png/5fa2dd/ffffff,48
209,81,11,http://dummyimage.com/500x500.png/cc0000/ffffff,64
210,14,20,http://dummyimage.com/500x500.png/cc0000/ffffff,51
211,58,5,http://dummyimage.com/500x500.png/cc0000/ffffff,57
212,23,13,http://dummyimage.com/500x500.png/cc0000/ffffff,83
213,58,10,http://dummyimage.com/500x500.png/5fa2dd/ffffff,6
214,70,6,http://dummyimage.com/500x500.png/cc0000/ffffff,95
215,22,9,http://dummyimage.com/500x500.png/dddddd/000000,0
216,47,2,http://dummyimage.com/500x500.png/dddddd/000000,61
217,48,8,http://dummyimage.com/500x500.png/ff4444/ffffff,82
218,30,16,http://dummyimage.com/500x500.png/5fa2dd/ffffff,59
219,92,13,http://dummyimage.com/500x500.png/5fa2dd/ffffff,93
220,97,6,http://dummyimage.com/500x500.png/ff4444/ffffff,26
221,92,10,http://dummyimage.com/500x500.png/dddddd/000000,17
222,38,11,http://dummyimage.com/500x500.png/dddddd/000000,66
223,42,18,http://dummyimage.com/500x500.png/cc0000/ffffff,69
224,12,12,http://dummyimage.com/500x500.png/5fa2dd/ffffff,24
225,60,4,http://dummyimage.com/500x500.png/dddddd/000000,97
226,64,14,http://dummyimage.com/500x500.png/ff4444/ffffff,82
227,59,2,http://dummyimage.com/500x500.png/ff4444/ffffff,75
228,30,11,http://dummyimage.com/500x500.png/cc0000/ffffff,9
229,52,16,http://dummyimage.com/500x500.png/dddddd/000000,23
230,39,17,http://dummyimage.com/500x500.png/ff4444/ffffff,60
231,85,6,http://dummyimage.com/500x500.png/ff4444/ffffff,35
232,1,8,http://dummyimage.com/500x500.png/5fa2dd/ffffff,41
233,49,8,http://dummyimage.com/500x500.png/dddddd/000000,5
234,51,15,http://dummyimage.com/500x500.png/dddddd/000000,53
235,58,1,http://dummyimage.com/500x500.png/cc0000/ffffff,88
236,75,19,http://dummyimage.com/500x500.png/dddddd/000000,66
237,59,20,http://dummyimage.com/500x500.png/cc0000/ffffff,3
238,92,16,http://dummyimage.com/500x500.png/cc0000/ffffff,19
239,5,20,http://dummyimage.com/500x500.png/ff4444/ffffff,68
240,82,16,http://dummyimage.com/500x500.png/dddddd/000000,35
241,89,13,http://dummyimage.com/500x500.png/cc0000/ffffff,69
242,7,15,http://dummyimage.com/500x500.png/dddddd/000000,31
243,9,1,http://dummyimage.com/500x500.png/ff4444/ffffff,60
244,18,11,http://dummyimage.com/500x500.png/dddddd/000000,63
245,10,5,http://dummyimage.com/500x500.png/dddddd/000000,29
246,8,12,http://dummyimage.com/500x500.png/ff4444/ffffff,43
247,53,5,http://dummyimage.com/500x500.png/cc0000/ffffff,91
248,51,17,http://dummyimage.com/500x500.png/ff4444/ffffff,23
249,11,20,http://dummyimage.com/500x500.png/dddddd/000000,33
250,55,20,http://dummyimage.com/500x500.png/5fa2dd/ffffff,42
251,83,3,http://dummyimage.com/500x500.png/5fa2dd/ffffff,3
252,93,16,http://dummyimage.com/500x500.png/dddddd/000000,56
253,96,19,http://dummyimage.com/500x500.png/dddddd/000000,4
254,47,7,http://dummyimage.com/500x500.png/dddddd/000000,95
255,48,8,http://dummyimage.com/500x500.png/dddddd/000000,49
256,56,7,http://dummyimage.com/500x500.png/dddddd/000000,21
257,88,14,http://dummyimage.com/500x500.png/ff4444/ffffff,56
258,11,4,http://dummyimage.com/500x500.png/dddddd/000000,65
259,8,5,http://dummyimage.com/500x500.png/cc0000/ffffff,45
260,71,20,http://dummyimage.com/500x500.png/cc0000/ffffff,4
261,36,4,http://dummyimage.com/500x500.png/dddddd/000000,8
262,1,7,http://dummyimage.com/500x500.png/5fa2dd/ffffff,62
263,19,1,http://dummyimage.com/500x500.png/cc0000/ffffff,47
264,50,15,http://dummyimage.com/500x500.png/dddddd/000000,84
265,62,9,http://dummyimage.com/500x500.png/dddddd/000000,80
266,51,3,http://dummyimage.com/500x500.png/cc0000/ffffff,74
267,17,3,http://dummyimage.com/500x500.png/dddddd/000000,11
268,62,11,http://dummyimage.com/500x500.png/ff4444/ffffff,13
269,21,8,http://dummyimage.com/500x500.png/5fa2dd/ffffff,13
270,32,18,http://dummyimage.com/500x500.png/cc0000/ffffff,26
271,23,9,http://dummyimage.com/500x500.png/5fa2dd/ffffff,58
272,50,15,http://dummyimage.com/500x500.png/cc0000/ffffff,80
273,73,18,http://dummyimage.com/500x500.png/dddddd/000000,36
274,81,13,http://dummyimage.com/500x500.png/5fa2dd/ffffff,5
275,91,5,http://dummyimage.com/500x500.png/5fa2dd/ffffff,84
276,69,13,http://dummyimage.com/500x500.png/cc0000/ffffff,26
277,14,17,http://dummyimage.com/500x500.png/ff4444/ffffff,5
278,3,9,http://dummyimage.com/500x500.png/ff4444/ffffff,44
279,27,9,http://dummyimage.com/500x500.png/ff4444/ffffff,82
280,44,3,http://dummyimage.com/500x500.png/ff4444/ffffff,21
281,76,6,http://dummyimage.com/500x500.png/ff4444/ffffff,86
282,43,8,http://dummyimage.com/500x500.png/5fa2dd/ffffff,89
283,18,5,http://dummyimage.com/500x500.png/5fa2dd/ffffff,62
284,46,7,http://dummyimage.com/500x500.png/cc0000/ffffff,68
285,43,17,http://dummyimage.com/500x500.png/cc0000/ffffff,83
286,4,19,http://dummyimage.com/500x500.png/5fa2dd/ffffff,4
287,7,2,http://dummyimage.com/500x500.png/5fa2dd/ffffff,4
288,83,7,http://dummyimage.com/500x500.png/ff4444/ffffff,93
289,94,14,http://dummyimage.com/500x500.png/dddddd/000000,32
290,93,12,http://dummyimage.com/500x500.png/5fa2dd/ffffff,52
291,6,10,http://dummyimage.com/500x500.png/dddddd/000000,3
292,74,12,http://dummyimage.com/500x500.png/cc0000/ffffff,49
293,100,15,http://dummyimage.com/500x500.png/5fa2dd/ffffff,25
294,97,3,http://dummyimage.com/500x500.png/dddddd/000000,49
295,23,1,http://dummyimage.com/500x500.png/5fa2dd/ffffff,1
296,87,17,http://dummyimage.com/500x500.png/cc0000/ffffff,58
297,53,9,http://dummyimage.com/500x500.png/ff4444/ffffff,100
298,5,1,http://dummyimage.com/500x500.png/dddddd/000000,77
299,91,12,http://dummyimage.com/500x500.png/dddddd/000000,59
300,60,6,http://dummyimage.com/500x500.png/cc0000/ffffff,65
301,63,19,http://dummyimage.com/500x500.png/5fa2dd/ffffff,94
302,71,7,http://dummyimage.com/500x500.png/ff4444/ffffff,22
303,60,13,http://dummyimage.com/500x500.png/ff4444/ffffff,57
304,62,12,http://dummyimage.com/500x500.png/dddddd/000000,47
305,2,18,http://dummyimage.com/500x500.png/ff4444/ffffff,86
306,40,4,http://dummyimage.com/500x500.png/5fa2dd/ffffff,57
307,29,2,http://dummyimage.com/500x500.png/dddddd/000000,33
308,65,6,http://dummyimage.com/500x500.png/5fa2dd/ffffff,83
309,46,15,http://dummyimage.com/500x500.png/cc0000/ffffff,79
310,7,3,http://dummyimage.com/500x500.png/5fa2dd/ffffff,77
311,15,12,http://dummyimage.com/500x500.png/ff4444/ffffff,55
312,19,14,http://dummyimage.com/500x500.png/cc0000/ffffff,19
313,36,20,http://dummyimage.com/500x500.png/dddddd/000000,68
314,11,12,http://dummyimage.com/500x500.png/cc0000/ffffff,46
315,82,20,http://dummyimage.com/500x500.png/5fa2dd/ffffff,91
316,60,19,http://dummyimage.com/500x500.png/cc0000/ffffff,86
317,44,17,http://dummyimage.com/500x500.png/ff4444/ffffff,78
318,26,16,http://dummyimage.com/500x500.png/5fa2dd/ffffff,64
319,6,13,http://dummyimage.com/500x500.png/ff4444/ffffff,43
320,97,2,http://dummyimage.com/500x500.png/dddddd/000000,61
321,7,3,http://dummyimage.com/500x500.png/5fa2dd/ffffff,89
322,24,4,http://dummyimage.com/500x500.png/5fa2dd/ffffff,88
323,94,9,http://dummyimage.com/500x500.png/dddddd/000000,38
324,15,2,http://dummyimage.com/500x500.png/cc0000/ffffff,77
325,31,8,http://dummyimage.com/500x500.png/5fa2dd/ffffff,46
326,15,19,http://dummyimage.com/500x500.png/5fa2dd/ffffff,69
327,34,2,http://dummyimage.com/500x500.png/dddddd/000000,55
328,13,5,http://dummyimage.com/500x500.png/cc0000/ffffff,96
329,94,15,http://dummyimage.com/500x500.png/cc0000/ffffff,15
330,21,6,http://dummyimage.com/500x500.png/dddddd/000000,27
331,46,15,http://dummyimage.com/500x500.png/dddddd/000000,68
332,5,8,http://dummyimage.com/500x500.png/ff4444/ffffff,69
333,50,16,http://dummyimage.com/500x500.png/5fa2dd/ffffff,43
334,34,2,http://dummyimage.com/500x500.png/cc0000/ffffff,53
335,25,5,http://dummyimage.com/500x500.png/dddddd/000000,55
336,78,18,http://dummyimage.com/500x500.png/ff4444/ffffff,88
337,39,6,http://dummyimage.com/500x500.png/cc0000/ffffff,69
338,43,10,http://dummyimage.com/500x500.png/cc0000/ffffff,75
339,41,3,http://dummyimage.com/500x500.png/ff4444/ffffff,11
340,96,17,http://dummyimage.com/500x500.png/cc0000/ffffff,36
341,26,19,http://dummyimage.com/500x500.png/5fa2dd/ffffff,85
342,23,4,http://dummyimage.com/500x500.png/ff4444/ffffff,4
343,55,14,http://dummyimage.com/500x500.png/cc0000/ffffff,100
344,36,8,http://dummyimage.com/500x500.png/cc0000/ffffff,87
345,54,5,http://dummyimage.com/500x500.png/ff4444/ffffff,78
346,21,11,http://dummyimage.com/500x500.png/ff4444/ffffff,87
347,97,8,http://dummyimage.com/500x500.png/5fa2dd/ffffff,35
348,57,12,http://dummyimage.com/500x500.png/cc0000/ffffff,5
349,46,10,http://dummyimage.com/500x500.png/cc0000/ffffff,46
350,15,5,http://dummyimage.com/500x500.png/dddddd/000000,96
351,49,19,http://dummyimage.com/500x500.png/5fa2dd/ffffff,7
352,3,4,http://dummyimage.com/500x500.png/5fa2dd/ffffff,93
353,78,5,http://dummyimage.com/500x500.png/dddddd/000000,32
354,91,3,http://dummyimage.com/500x500.png/5fa2dd/ffffff,38
355,19,9,http://dummyimage.com/500x500.png/5fa2dd/ffffff,12
356,94,16,http://dummyimage.com/500x500.png/dddddd/000000,5
357,30,4,http://dummyimage.com/500x500.png/5fa2dd/ffffff,19
358,63,7,http://dummyimage.com/500x500.png/5fa2dd/ffffff,26
359,14,4,http://dummyimage.com/500x500.png/ff4444/ffffff,9
360,82,12,http://dummyimage.com/500x500.png/cc0000/ffffff,53
361,88,17,http://dummyimage.com/500x500.png/ff4444/ffffff,17
362,18,14,http://dummyimage.com/500x500.png/5fa2dd/ffffff,71
363,38,13,http://dummyimage.com/500x500.png/cc0000/ffffff,10
364,44,9,http://dummyimage.com/500x500.png/cc0000/ffffff,33
365,7,12,http://dummyimage.com/500x500.png/ff4444/ffffff,2
366,13,3,http://dummyimage.com/500x500.png/dddddd/000000,55
367,49,6,http://dummyimage.com/500x500.png/dddddd/000000,8
368,78,4,http://dummyimage.com/500x500.png/ff4444/ffffff,48
369,17,5,http://dummyimage.com/500x500.png/dddddd/000000,92
370,72,14,http://dummyimage.com/500x500.png/dddddd/000000,71
371,75,20,http://dummyimage.com/500x500.png/cc0000/ffffff,81
372,23,19,http://dummyimage.com/500x500.png/ff4444/ffffff,41
373,67,10,http://dummyimage.com/500x500.png/dddddd/000000,72
374,40,5,http://dummyimage.com/500x500.png/dddddd/000000,25
375,43,6,http://dummyimage.com/500x500.png/cc0000/ffffff,73
376,19,5,http://dummyimage.com/500x500.png/5fa2dd/ffffff,17
377,98,6,http://dummyimage.com/500x500.png/5fa2dd/ffffff,52
378,27,9,http://dummyimage.com/500x500.png/cc0000/ffffff,59
379,21,20,http://dummyimage.com/500x500.png/5fa2dd/ffffff,83
380,62,19,http://dummyimage.com/500x500.png/dddddd/000000,95
381,20,14,http://dummyimage.com/500x500.png/cc0000/ffffff,91
382,68,18,http://dummyimage.com/500x500.png/dddddd/000000,33
383,100,19,http://dummyimage.com/500x500.png/ff4444/ffffff,44
384,81,15,http://dummyimage.com/500x500.png/cc0000/ffffff,10
385,43,4,http://dummyimage.com/500x500.png/dddddd/000000,10
386,37,5,http://dummyimage.com/500x500.png/dddddd/000000,89
387,68,13,http://dummyimage.com/500x500.png/dddddd/000000,75
388,85,4,http://dummyimage.com/500x500.png/5fa2dd/ffffff,42
389,14,2,http://dummyimage.com/500x500.png/dddddd/000000,62
390,26,20,http://dummyimage.com/500x500.png/ff4444/ffffff,0
391,45,7,http://dummyimage.com/500x500.png/ff4444/ffffff,14
392,100,1,http://dummyimage.com/500x500.png/ff4444/ffffff,38
393,42,6,http://dummyimage.com/500x500.png/dddddd/000000,2
394,27,3,http://dummyimage.com/500x500.png/cc0000/ffffff,44
395,45,5,http://dummyimage.com/500x500.png/5fa2dd/ffffff,30
396,34,12,http://dummyimage.com/500x500.png/5fa2dd/ffffff,97
397,5,9,http://dummyimage.com/500x500.png/cc0000/ffffff,30
398,55,12,http://dummyimage.com/500x500.png/ff4444/ffffff,43
399,4,19,http://dummyimage.com/500x500.png/dddddd/000000,100
400,7,20,http://dummyimage.com/500x500.png/ff4444/ffffff,66
401,76,6,http://dummyimage.com/500x500.png/dddddd/000000,47
402,7,20,http://dummyimage.com/500x500.png/dddddd/000000,94
403,79,5,http://dummyimage.com/500x500.png/cc0000/ffffff,8
404,59,1,http://dummyimage.com/500x500.png/ff4444/ffffff,54
405,84,7,http://dummyimage.com/500x500.png/5fa2dd/ffffff,89
406,28,13,http://dummyimage.com/500x500.png/5fa2dd/ffffff,22
407,7,8,http://dummyimage.com/500x500.png/5fa2dd/ffffff,10
408,80,17,http://dummyimage.com/500x500.png/cc0000/ffffff,36
409,64,10,http://dummyimage.com/500x500.png/cc0000/ffffff,30
410,12,13,http://dummyimage.com/500x500.png/ff4444/ffffff,57
411,39,3,http://dummyimage.com/500x500.png/dddddd/000000,85
412,73,13,http://dummyimage.com/500x500.png/ff4444/ffffff,94
413,71,9,http://dummyimage.com/500x500.png/ff4444/ffffff,25
414,66,17,http://dummyimage.com/500x500.png/dddddd/000000,97
415,7,1,http://dummyimage.com/500x500.png/ff4444/ffffff,34
416,35,3,http://dummyimage.com/500x500.png/dddddd/000000,19
417,2,7,http://dummyimage.com/500x500.png/dddddd/000000,38
418,58,7,http://dummyimage.com/500x500.png/dddddd/000000,8
419,37,13,http://dummyimage.com/500x500.png/ff4444/ffffff,56
420,90,12,http://dummyimage.com/500x500.png/dddddd/000000,18
421,85,8,http://dummyimage.com/500x500.png/ff4444/ffffff,74
422,85,20,http://dummyimage.com/500x500.png/5fa2dd/ffffff,61
423,67,17,http://dummyimage.com/500x500.png/cc0000/ffffff,24
424,94,19,http://dummyimage.com/500x500.png/5fa2dd/ffffff,64
425,42,6,http://dummyimage.com/500x500.png/ff4444/ffffff,33
426,92,15,http://dummyimage.com/500x500.png/dddddd/000000,16
427,6,16,http://dummyimage.com/500x500.png/5fa2dd/ffffff,35
428,85,6,http://dummyimage.com/500x500.png/ff4444/ffffff,15
429,74,13,http://dummyimage.com/500x500.png/5fa2dd/ffffff,53
430,67,9,http://dummyimage.com/500x500.png/ff4444/ffffff,44
431,51,1,http://dummyimage.com/500x500.png/dddddd/000000,33
432,39,15,http://dummyimage.com/500x500.png/dddddd/000000,28
433,98,6,http://dummyimage.com/500x500.png/5fa2dd/ffffff,33
434,33,20,http://dummyimage.com/500x500.png/5fa2dd/ffffff,35
435,48,3,http://dummyimage.com/500x500.png/ff4444/ffffff,31
436,42,18,http://dummyimage.com/500x500.png/ff4444/ffffff,11
437,78,10,http://dummyimage.com/500x500.png/cc0000/ffffff,95
438,66,20,http://dummyimage.com/500x500.png/cc0000/ffffff,97
439,76,1,http://dummyimage.com/500x500.png/dddddd/000000,77
440,68,8,http://dummyimage.com/500x500.png/dddddd/000000,16
441,78,10,http://dummyimage.com/500x500.png/cc0000/ffffff,55
442,4,8,http://dummyimage.com/500x500.png/cc0000/ffffff,63
443,38,6,http://dummyimage.com/500x500.png/5fa2dd/ffffff,28
444,8,16,http://dummyimage.com/500x500.png/5fa2dd/ffffff,52
445,34,8,http://dummyimage.com/500x500.png/cc0000/ffffff,85
446,75,7,http://dummyimage.com/500x500.png/ff4444/ffffff,59
447,15,8,http://dummyimage.com/500x500.png/5fa2dd/ffffff,65
448,26,15,http://dummyimage.com/500x500.png/ff4444/ffffff,64
449,24,7,http://dummyimage.com/500x500.png/5fa2dd/ffffff,100
450,91,9,http://dummyimage.com/500x500.png/dddddd/000000,79
451,31,13,http://dummyimage.com/500x500.png/ff4444/ffffff,67
452,7,19,http://dummyimage.com/500x500.png/ff4444/ffffff,72
453,58,5,http://dummyimage.com/500x500.png/dddddd/000000,84
454,90,16,http://dummyimage.com/500x500.png/cc0000/ffffff,39
455,67,19,http://dummyimage.com/500x500.png/5fa2dd/ffffff,23
456,80,5,http://dummyimage.com/500x500.png/5fa2dd/ffffff,56
457,64,4,http://dummyimage.com/500x500.png/5fa2dd/ffffff,30
458,94,6,http://dummyimage.com/500x500.png/dddddd/000000,73
459,37,1,http://dummyimage.com/500x500.png/5fa2dd/ffffff,34
460,11,12,http://dummyimage.com/500x500.png/cc0000/ffffff,93
461,26,20,http://dummyimage.com/500x500.png/dddddd/000000,99
462,28,6,http://dummyimage.com/500x500.png/cc0000/ffffff,28
463,19,13,http://dummyimage.com/500x500.png/cc0000/ffffff,57
464,63,6,http://dummyimage.com/500x500.png/cc0000/ffffff,94
465,90,1,http://dummyimage.com/500x500.png/dddddd/000000,20
466,18,19,http://dummyimage.com/500x500.png/dddddd/000000,93
467,98,18,http://dummyimage.com/500x500.png/dddddd/000000,33
468,55,1,http://dummyimage.com/500x500.png/cc0000/ffffff,37
469,24,18,http://dummyimage.com/500x500.png/ff4444/ffffff,96
470,34,5,http://dummyimage.com/500x500.png/cc0000/ffffff,99
471,31,15,http://dummyimage.com/500x500.png/5fa2dd/ffffff,64
472,20,2,http://dummyimage.com/500x500.png/cc0000/ffffff,19
473,77,8,http://dummyimage.com/500x500.png/5fa2dd/ffffff,27
474,17,3,http://dummyimage.com/500x500.png/cc0000/ffffff,33
475,68,12,http://dummyimage.com/500x500.png/dddddd/000000,66
476,3,7,http://dummyimage.com/500x500.png/dddddd/000000,2
477,15,6,http://dummyimage.com/500x500.png/dddddd/000000,24
478,40,7,http://dummyimage.com/500x500.png/cc0000/ffffff,20
479,86,4,http://dummyimage.com/500x500.png/dddddd/000000,18
480,61,7,http://dummyimage.com/500x500.png/ff4444/ffffff,65
481,88,7,http://dummyimage.com/500x500.png/ff4444/ffffff,79
482,23,19,http://dummyimage.com/500x500.png/cc0000/ffffff,73
483,62,10,http://dummyimage.com/500x500.png/cc0000/ffffff,93
484,93,18,http://dummyimage.com/500x500.png/5fa2dd/ffffff,20
485,29,12,http://dummyimage.com/500x500.png/5fa2dd/ffffff,11
486,94,4,http://dummyimage.com/500x500.png/ff4444/ffffff,78
487,66,16,http://dummyimage.com/500x500.png/cc0000/ffffff,6
488,76,1,http://dummyimage.com/500x500.png/5fa2dd/ffffff,42
489,54,18,http://dummyimage.com/500x500.png/cc0000/ffffff,44
490,68,11,http://dummyimage.com/500x500.png/ff4444/ffffff,55
491,78,17,http://dummyimage.com/500x500.png/ff4444/ffffff,10
492,95,1,http://dummyimage.com/500x500.png/dddddd/000000,87
493,37,18,http://dummyimage.com/500x500.png/ff4444/ffffff,52
494,7,3,http://dummyimage.com/500x500.png/ff4444/ffffff,56
495,62,19,http://dummyimage.com/500x500.png/cc0000/ffffff,69
496,83,4,http://dummyimage.com/500x500.png/cc0000/ffffff,78
497,79,2,http://dummyimage.com/500x500.png/cc0000/ffffff,33
498,39,7,http://dummyimage.com/500x500.png/5fa2dd/ffffff,62
499,53,5,http://dummyimage.com/500x500.png/ff4444/ffffff,20
500,69,6,http://dummyimage.com/500x500.png/ff4444/ffffff,1
501,24,14,http://dummyimage.com/500x500.png/cc0000/ffffff,90
502,66,7,http://dummyimage.com/500x500.png/dddddd/000000,54
503,88,9,http://dummyimage.com/500x500.png/dddddd/000000,39
504,85,20,http://dummyimage.com/500x500.png/ff4444/ffffff,73
505,95,10,http://dummyimage.com/500x500.png/5fa2dd/ffffff,1
506,40,15,http://dummyimage.com/500x500.png/ff4444/ffffff,71
507,37,3,http://dummyimage.com/500x500.png/cc0000/ffffff,79
508,21,2,http://dummyimage.com/500x500.png/cc0000/ffffff,15
509,25,14,http://dummyimage.com/500x500.png/dddddd/000000,8
510,61,18,http://dummyimage.com/500x500.png/dddddd/000000,75
511,10,6,http://dummyimage.com/500x500.png/dddddd/000000,33
512,28,1,http://dummyimage.com/500x500.png/dddddd/000000,19
513,20,13,http://dummyimage.com/500x500.png/5fa2dd/ffffff,38
514,53,19,http://dummyimage.com/500x500.png/ff4444/ffffff,31
515,55,19,http://dummyimage.com/500x500.png/dddddd/000000,12
516,43,2,http://dummyimage.com/500x500.png/5fa2dd/ffffff,61
517,83,17,http://dummyimage.com/500x500.png/cc0000/ffffff,37
518,45,20,http://dummyimage.com/500x500.png/ff4444/ffffff,20
519,71,5,http://dummyimage.com/500x500.png/ff4444/ffffff,66
520,59,1,http://dummyimage.com/500x500.png/ff4444/ffffff,45
521,28,15,http://dummyimage.com/500x500.png/dddddd/000000,67
522,8,10,http://dummyimage.com/500x500.png/cc0000/ffffff,1
523,79,6,http://dummyimage.com/500x500.png/ff4444/ffffff,68
524,42,5,http://dummyimage.com/500x500.png/dddddd/000000,76
525,72,2,http://dummyimage.com/500x500.png/dddddd/000000,91
526,20,7,http://dummyimage.com/500x500.png/ff4444/ffffff,5
527,21,1,http://dummyimage.com/500x500.png/dddddd/000000,4
528,74,5,http://dummyimage.com/500x500.png/dddddd/000000,75
529,56,12,http://dummyimage.com/500x500.png/cc0000/ffffff,87
530,13,18,http://dummyimage.com/500x500.png/cc0000/ffffff,62
531,95,15,http://dummyimage.com/500x500.png/ff4444/ffffff,85
532,21,7,http://dummyimage.com/500x500.png/ff4444/ffffff,13
533,61,13,http://dummyimage.com/500x500.png/ff4444/ffffff,13
534,7,10,http://dummyimage.com/500x500.png/ff4444/ffffff,82
535,35,2,http://dummyimage.com/500x500.png/5fa2dd/ffffff,33
536,42,4,http://dummyimage.com/500x500.png/dddddd/000000,71
537,54,18,http://dummyimage.com/500x500.png/ff4444/ffffff,50
538,86,3,http://dummyimage.com/500x500.png/dddddd/000000,58
539,6,7,http://dummyimage.com/500x500.png/5fa2dd/ffffff,46
540,67,12,http://dummyimage.com/500x500.png/ff4444/ffffff,11
541,85,13,http://dummyimage.com/500x500.png/ff4444/ffffff,54
542,61,15,http://dummyimage.com/500x500.png/dddddd/000000,52
543,87,2,http://dummyimage.com/500x500.png/ff4444/ffffff,19
544,81,14,http://dummyimage.com/500x500.png/5fa2dd/ffffff,94
545,95,17,http://dummyimage.com/500x500.png/dddddd/000000,40
546,27,8,http://dummyimage.com/500x500.png/ff4444/ffffff,10
547,15,3,http://dummyimage.com/500x500.png/cc0000/ffffff,54
548,81,3,http://dummyimage.com/500x500.png/dddddd/000000,28
549,7,10,http://dummyimage.com/500x500.png/ff4444/ffffff,73
550,30,6,http://dummyimage.com/500x500.png/ff4444/ffffff,40
551,18,13,http://dummyimage.com/500x500.png/ff4444/ffffff,60
552,53,10,http://dummyimage.com/500x500.png/dddddd/000000,13
553,19,15,http://dummyimage.com/500x500.png/dddddd/000000,65
554,98,4,http://dummyimage.com/500x500.png/5fa2dd/ffffff,29
555,19,5,http://dummyimage.com/500x500.png/dddddd/000000,26
556,54,3,http://dummyimage.com/500x500.png/dddddd/000000,31
557,7,14,http://dummyimage.com/500x500.png/dddddd/000000,97
558,99,20,http://dummyimage.com/500x500.png/ff4444/ffffff,50
559,63,8,http://dummyimage.com/500x500.png/ff4444/ffffff,11
560,90,20,http://dummyimage.com/500x500.png/ff4444/ffffff,46
561,56,12,http://dummyimage.com/500x500.png/dddddd/000000,70
562,70,14,http://dummyimage.com/500x500.png/5fa2dd/ffffff,65
563,12,13,http://dummyimage.com/500x500.png/dddddd/000000,99
564,42,16,http://dummyimage.com/500x500.png/cc0000/ffffff,43
565,74,12,http://dummyimage.com/500x500.png/5fa2dd/ffffff,35
566,97,4,http://dummyimage.com/500x500.png/cc0000/ffffff,19
567,17,10,http://dummyimage.com/500x500.png/cc0000/ffffff,49
568,98,20,http://dummyimage.com/500x500.png/cc0000/ffffff,49
569,84,11,http://dummyimage.com/500x500.png/5fa2dd/ffffff,75
570,39,7,http://dummyimage.com/500x500.png/cc0000/ffffff,55
571,13,8,http://dummyimage.com/500x500.png/dddddd/000000,69
572,3,1,http://dummyimage.com/500x500.png/dddddd/000000,35
573,99,20,http://dummyimage.com/500x500.png/cc0000/ffffff,32
574,24,11,http://dummyimage.com/500x500.png/5fa2dd/ffffff,49
575,45,6,http://dummyimage.com/500x500.png/ff4444/ffffff,13
576,85,19,http://dummyimage.com/500x500.png/dddddd/000000,43
577,42,11,http://dummyimage.com/500x500.png/cc0000/ffffff,30
578,62,16,http://dummyimage.com/500x500.png/dddddd/000000,38
579,90,20,http://dummyimage.com/500x500.png/5fa2dd/ffffff,29
580,40,15,http://dummyimage.com/500x500.png/cc0000/ffffff,44
581,45,15,http://dummyimage.com/500x500.png/ff4444/ffffff,57
582,54,7,http://dummyimage.com/500x500.png/ff4444/ffffff,94
583,62,14,http://dummyimage.com/500x500.png/dddddd/000000,22
584,10,7,http://dummyimage.com/500x500.png/cc0000/ffffff,3
585,99,4,http://dummyimage.com/500x500.png/dddddd/000000,58
586,21,5,http://dummyimage.com/500x500.png/5fa2dd/ffffff,33
587,72,10,http://dummyimage.com/500x500.png/5fa2dd/ffffff,29
588,48,11,http://dummyimage.com/500x500.png/dddddd/000000,25
589,29,11,http://dummyimage.com/500x500.png/ff4444/ffffff,37
590,70,8,http://dummyimage.com/500x500.png/5fa2dd/ffffff,54
591,2,13,http://dummyimage.com/500x500.png/ff4444/ffffff,67
592,60,17,http://dummyimage.com/500x500.png/ff4444/ffffff,25
593,45,19,http://dummyimage.com/500x500.png/dddddd/000000,44
594,75,3,http://dummyimage.com/500x500.png/5fa2dd/ffffff,48
595,87,17,http://dummyimage.com/500x500.png/dddddd/000000,73
596,24,9,http://dummyimage.com/500x500.png/ff4444/ffffff,32
597,40,12,http://dummyimage.com/500x500.png/5fa2dd/ffffff,26
598,40,15,http://dummyimage.com/500x500.png/ff4444/ffffff,64
599,74,10,http://dummyimage.com/500x500.png/5fa2dd/ffffff,0
600,36,8,http://dummyimage.com/500x500.png/5fa2dd/ffffff,65
601,64,14,http://dummyimage.com/500x500.png/5fa2dd/ffffff,43
602,77,6,http://dummyimage.com/500x500.png/ff4444/ffffff,7
603,94,19,http://dummyimage.com/500x500.png/5fa2dd/ffffff,47
604,37,7,http://dummyimage.com/500x500.png/dddddd/000000,10
605,21,11,http://dummyimage.com/500x500.png/cc0000/ffffff,62
606,27,4,http://dummyimage.com/500x500.png/5fa2dd/ffffff,74
607,41,16,http://dummyimage.com/500x500.png/5fa2dd/ffffff,65
608,37,8,http://dummyimage.com/500x500.png/cc0000/ffffff,21
609,100,16,http://dummyimage.com/500x500.png/dddddd/000000,89
610,91,4,http://dummyimage.com/500x500.png/5fa2dd/ffffff,76
611,54,6,http://dummyimage.com/500x500.png/ff4444/ffffff,67
612,78,20,http://dummyimage.com/500x500.png/ff4444/ffffff,69
613,82,19,http://dummyimage.com/500x500.png/ff4444/ffffff,86
614,6,19,http://dummyimage.com/500x500.png/cc0000/ffffff,52
615,82,10,http://dummyimage.com/500x500.png/dddddd/000000,27
616,36,19,http://dummyimage.com/500x500.png/ff4444/ffffff,5
617,56,2,http://dummyimage.com/500x500.png/dddddd/000000,44
618,9,7,http://dummyimage.com/500x500.png/dddddd/000000,88
619,10,16,http://dummyimage.com/500x500.png/5fa2dd/ffffff,10
620,97,12,http://dummyimage.com/500x500.png/dddddd/000000,92
621,84,10,http://dummyimage.com/500x500.png/5fa2dd/ffffff,56
622,94,18,http://dummyimage.com/500x500.png/5fa2dd/ffffff,49
623,95,15,http://dummyimage.com/500x500.png/cc0000/ffffff,66
624,22,3,http://dummyimage.com/500x500.png/5fa2dd/ffffff,51
625,32,3,http://dummyimage.com/500x500.png/5fa2dd/ffffff,3
626,48,16,http://dummyimage.com/500x500.png/ff4444/ffffff,76
627,2,20,http://dummyimage.com/500x500.png/5fa2dd/ffffff,17
628,2,20,http://dummyimage.com/500x500.png/5fa2dd/ffffff,10
629,95,9,http://dummyimage.com/500x500.png/5fa2dd/ffffff,77
630,47,18,http://dummyimage.com/500x500.png/ff4444/ffffff,44
631,22,12,http://dummyimage.com/500x500.png/5fa2dd/ffffff,54
632,43,18,http://dummyimage.com/500x500.png/cc0000/ffffff,72
633,88,5,http://dummyimage.com/500x500.png/ff4444/ffffff,81
634,30,13,http://dummyimage.com/500x500.png/cc0000/ffffff,25
635,20,9,http://dummyimage.com/500x500.png/dddddd/000000,90
636,20,13,http://dummyimage.com/500x500.png/5fa2dd/ffffff,93
637,69,17,http://dummyimage.com/500x500.png/5fa2dd/ffffff,69
638,34,4,http://dummyimage.com/500x500.png/5fa2dd/ffffff,64
639,3,15,http://dummyimage.com/500x500.png/dddddd/000000,35
640,79,17,http://dummyimage.com/500x500.png/5fa2dd/ffffff,78
641,33,13,http://dummyimage.com/500x500.png/dddddd/000000,39
642,89,8,http://dummyimage.com/500x500.png/ff4444/ffffff,100
643,23,9,http://dummyimage.com/500x500.png/cc0000/ffffff,17
644,71,17,http://dummyimage.com/500x500.png/ff4444/ffffff,38
645,99,14,http://dummyimage.com/500x500.png/ff4444/ffffff,5
646,74,4,http://dummyimage.com/500x500.png/cc0000/ffffff,6
647,20,20,http://dummyimage.com/500x500.png/dddddd/000000,70
648,66,11,http://dummyimage.com/500x500.png/ff4444/ffffff,34
649,67,4,http://dummyimage.com/500x500.png/5fa2dd/ffffff,68
650,10,14,http://dummyimage.com/500x500.png/5fa2dd/ffffff,16
651,70,1,http://dummyimage.com/500x500.png/dddddd/000000,97
652,68,14,http://dummyimage.com/500x500.png/5fa2dd/ffffff,41
653,2,7,http://dummyimage.com/500x500.png/cc0000/ffffff,34
654,63,7,http://dummyimage.com/500x500.png/ff4444/ffffff,63
655,64,7,http://dummyimage.com/500x500.png/cc0000/ffffff,89
656,72,6,http://dummyimage.com/500x500.png/ff4444/ffffff,60
657,11,10,http://dummyimage.com/500x500.png/cc0000/ffffff,8
658,84,2,http://dummyimage.com/500x500.png/5fa2dd/ffffff,45
659,37,11,http://dummyimage.com/500x500.png/dddddd/000000,5
660,97,20,http://dummyimage.com/500x500.png/cc0000/ffffff,65
661,55,3,http://dummyimage.com/500x500.png/dddddd/000000,52
662,51,20,http://dummyimage.com/500x500.png/dddddd/000000,100
663,46,1,http://dummyimage.com/500x500.png/cc0000/ffffff,83
664,19,5,http://dummyimage.com/500x500.png/dddddd/000000,24
665,74,15,http://dummyimage.com/500x500.png/dddddd/000000,0
666,19,17,http://dummyimage.com/500x500.png/ff4444/ffffff,44
667,72,6,http://dummyimage.com/500x500.png/cc0000/ffffff,99
668,97,12,http://dummyimage.com/500x500.png/ff4444/ffffff,47
669,31,6,http://dummyimage.com/500x500.png/cc0000/ffffff,71
670,71,8,http://dummyimage.com/500x500.png/cc0000/ffffff,20
671,46,3,http://dummyimage.com/500x500.png/cc0000/ffffff,90
672,79,12,http://dummyimage.com/500x500.png/dddddd/000000,47
673,49,17,http://dummyimage.com/500x500.png/cc0000/ffffff,14
674,10,19,http://dummyimage.com/500x500.png/ff4444/ffffff,29
675,70,3,http://dummyimage.com/500x500.png/cc0000/ffffff,32
676,24,20,http://dummyimage.com/500x500.png/5fa2dd/ffffff,53
677,43,17,http://dummyimage.com/500x500.png/5fa2dd/ffffff,47
678,31,6,http://dummyimage.com/500x500.png/5fa2dd/ffffff,84
679,31,6,http://dummyimage.com/500x500.png/dddddd/000000,77
680,33,5,http://dummyimage.com/500x500.png/ff4444/ffffff,88
681,8,15,http://dummyimage.com/500x500.png/dddddd/000000,49
682,4,8,http://dummyimage.com/500x500.png/ff4444/ffffff,41
683,89,16,http://dummyimage.com/500x500.png/5fa2dd/ffffff,60
684,21,3,http://dummyimage.com/500x500.png/cc0000/ffffff,56
685,85,11,http://dummyimage.com/500x500.png/cc0000/ffffff,46
686,12,17,http://dummyimage.com/500x500.png/ff4444/ffffff,90
687,76,17,http://dummyimage.com/500x500.png/dddddd/000000,20
688,95,3,http://dummyimage.com/500x500.png/dddddd/000000,82
689,34,19,http://dummyimage.com/500x500.png/5fa2dd/ffffff,81
690,61,1,http://dummyimage.com/500x500.png/dddddd/000000,36
691,21,5,http://dummyimage.com/500x500.png/5fa2dd/ffffff,73
692,37,6,http://dummyimage.com/500x500.png/5fa2dd/ffffff,27
693,97,14,http://dummyimage.com/500x500.png/dddddd/000000,67
694,25,4,http://dummyimage.com/500x500.png/5fa2dd/ffffff,19
695,53,11,http://dummyimage.com/500x500.png/ff4444/ffffff,82
696,49,9,http://dummyimage.com/500x500.png/dddddd/000000,18
697,11,3,http://dummyimage.com/500x500.png/ff4444/ffffff,81
698,91,12,http://dummyimage.com/500x500.png/cc0000/ffffff,91
699,45,18,http://dummyimage.com/500x500.png/dddddd/000000,93
700,41,20,http://dummyimage.com/500x500.png/cc0000/ffffff,84
701,5,9,http://dummyimage.com/500x500.png/ff4444/ffffff,7
702,40,18,http://dummyimage.com/500x500.png/5fa2dd/ffffff,46
703,44,12,http://dummyimage.com/500x500.png/ff4444/ffffff,1
704,19,10,http://dummyimage.com/500x500.png/ff4444/ffffff,44
705,31,15,http://dummyimage.com/500x500.png/ff4444/ffffff,85
706,66,4,http://dummyimage.com/500x500.png/cc0000/ffffff,23
707,24,7,http://dummyimage.com/500x500.png/cc0000/ffffff,33
708,66,19,http://dummyimage.com/500x500.png/ff4444/ffffff,56
709,67,12,http://dummyimage.com/500x500.png/dddddd/000000,51
710,62,8,http://dummyimage.com/500x500.png/ff4444/ffffff,29
711,2,7,http://dummyimage.com/500x500.png/5fa2dd/ffffff,83
712,54,19,http://dummyimage.com/500x500.png/5fa2dd/ffffff,46
713,65,5,http://dummyimage.com/500x500.png/cc0000/ffffff,72
714,5,8,http://dummyimage.com/500x500.png/cc0000/ffffff,2
715,21,4,http://dummyimage.com/500x500.png/ff4444/ffffff,28
716,38,3,http://dummyimage.com/500x500.png/5fa2dd/ffffff,58
717,61,2,http://dummyimage.com/500x500.png/cc0000/ffffff,7
718,82,11,http://dummyimage.com/500x500.png/ff4444/ffffff,57
719,95,10,http://dummyimage.com/500x500.png/5fa2dd/ffffff,57
720,60,17,http://dummyimage.com/500x500.png/ff4444/ffffff,57
721,88,4,http://dummyimage.com/500x500.png/5fa2dd/ffffff,89
722,94,5,http://dummyimage.com/500x500.png/5fa2dd/ffffff,25
723,22,12,http://dummyimage.com/500x500.png/ff4444/ffffff,69
724,80,1,http://dummyimage.com/500x500.png/cc0000/ffffff,49
725,2,3,http://dummyimage.com/500x500.png/5fa2dd/ffffff,69
726,78,10,http://dummyimage.com/500x500.png/ff4444/ffffff,39
727,97,3,http://dummyimage.com/500x500.png/dddddd/000000,2
728,89,19,http://dummyimage.com/500x500.png/cc0000/ffffff,93
729,71,8,http://dummyimage.com/500x500.png/dddddd/000000,18
730,94,6,http://dummyimage.com/500x500.png/dddddd/000000,0
731,87,15,http://dummyimage.com/500x500.png/cc0000/ffffff,56
732,65,18,http://dummyimage.com/500x500.png/5fa2dd/ffffff,26
733,10,3,http://dummyimage.com/500x500.png/dddddd/000000,45
734,2,20,http://dummyimage.com/500x500.png/ff4444/ffffff,93
735,51,20,http://dummyimage.com/500x500.png/cc0000/ffffff,35
736,1,13,http://dummyimage.com/500x500.png/5fa2dd/ffffff,4
737,17,5,http://dummyimage.com/500x500.png/5fa2dd/ffffff,37
738,11,3,http://dummyimage.com/500x500.png/5fa2dd/ffffff,86
739,6,4,http://dummyimage.com/500x500.png/ff4444/ffffff,8
740,16,8,http://dummyimage.com/500x500.png/dddddd/000000,75
741,21,14,http://dummyimage.com/500x500.png/dddddd/000000,54
742,19,6,http://dummyimage.com/500x500.png/5fa2dd/ffffff,55
743,42,9,http://dummyimage.com/500x500.png/dddddd/000000,95
744,9,12,http://dummyimage.com/500x500.png/dddddd/000000,2
745,94,4,http://dummyimage.com/500x500.png/ff4444/ffffff,54
746,98,7,http://dummyimage.com/500x500.png/dddddd/000000,12
747,56,5,http://dummyimage.com/500x500.png/5fa2dd/ffffff,88
748,58,13,http://dummyimage.com/500x500.png/5fa2dd/ffffff,73
749,67,6,http://dummyimage.com/500x500.png/5fa2dd/ffffff,48
750,23,10,http://dummyimage.com/500x500.png/cc0000/ffffff,82
751,2,20,http://dummyimage.com/500x500.png/ff4444/ffffff,88
752,46,15,http://dummyimage.com/500x500.png/ff4444/ffffff,99
753,17,5,http://dummyimage.com/500x500.png/cc0000/ffffff,81
754,51,6,http://dummyimage.com/500x500.png/dddddd/000000,24
755,79,11,http://dummyimage.com/500x500.png/dddddd/000000,63
756,46,16,http://dummyimage.com/500x500.png/dddddd/000000,23
757,46,9,http://dummyimage.com/500x500.png/dddddd/000000,71
758,91,11,http://dummyimage.com/500x500.png/5fa2dd/ffffff,87
759,90,1,http://dummyimage.com/500x500.png/ff4444/ffffff,3
760,79,1,http://dummyimage.com/500x500.png/cc0000/ffffff,95
761,21,9,http://dummyimage.com/500x500.png/5fa2dd/ffffff,88
762,96,17,http://dummyimage.com/500x500.png/5fa2dd/ffffff,72
763,64,20,http://dummyimage.com/500x500.png/dddddd/000000,97
764,70,16,http://dummyimage.com/500x500.png/dddddd/000000,17
765,57,16,http://dummyimage.com/500x500.png/5fa2dd/ffffff,23
766,19,20,http://dummyimage.com/500x500.png/ff4444/ffffff,77
767,92,8,http://dummyimage.com/500x500.png/dddddd/000000,15
768,45,4,http://dummyimage.com/500x500.png/dddddd/000000,46
769,81,19,http://dummyimage.com/500x500.png/ff4444/ffffff,91
770,40,9,http://dummyimage.com/500x500.png/dddddd/000000,31
771,59,11,http://dummyimage.com/500x500.png/ff4444/ffffff,40
772,57,11,http://dummyimage.com/500x500.png/5fa2dd/ffffff,12
773,21,9,http://dummyimage.com/500x500.png/ff4444/ffffff,91
774,83,8,http://dummyimage.com/500x500.png/dddddd/000000,56
775,47,14,http://dummyimage.com/500x500.png/dddddd/000000,43
776,51,11,http://dummyimage.com/500x500.png/cc0000/ffffff,57
777,17,18,http://dummyimage.com/500x500.png/5fa2dd/ffffff,84
778,71,8,http://dummyimage.com/500x500.png/dddddd/000000,57
779,47,4,http://dummyimage.com/500x500.png/5fa2dd/ffffff,79
780,88,19,http://dummyimage.com/500x500.png/ff4444/ffffff,16
781,79,8,http://dummyimage.com/500x500.png/cc0000/ffffff,11
782,83,12,http://dummyimage.com/500x500.png/dddddd/000000,90
783,1,12,http://dummyimage.com/500x500.png/5fa2dd/ffffff,15
784,36,4,http://dummyimage.com/500x500.png/5fa2dd/ffffff,11
785,91,11,http://dummyimage.com/500x500.png/dddddd/000000,91
786,56,13,http://dummyimage.com/500x500.png/dddddd/000000,7
787,40,14,http://dummyimage.com/500x500.png/5fa2dd/ffffff,26
788,12,19,http://dummyimage.com/500x500.png/5fa2dd/ffffff,73
789,70,10,http://dummyimage.com/500x500.png/cc0000/ffffff,69
790,50,18,http://dummyimage.com/500x500.png/cc0000/ffffff,53
791,15,10,http://dummyimage.com/500x500.png/dddddd/000000,68
792,77,18,http://dummyimage.com/500x500.png/dddddd/000000,92
793,27,18,http://dummyimage.com/500x500.png/5fa2dd/ffffff,41
794,82,15,http://dummyimage.com/500x500.png/cc0000/ffffff,57
795,87,13,http://dummyimage.com/500x500.png/cc0000/ffffff,69
796,18,19,http://dummyimage.com/500x500.png/ff4444/ffffff,53
797,12,8,http://dummyimage.com/500x500.png/ff4444/ffffff,26
798,11,18,http://dummyimage.com/500x500.png/cc0000/ffffff,45
799,51,9,http://dummyimage.com/500x500.png/5fa2dd/ffffff,90
800,16,15,http://dummyimage.com/500x500.png/ff4444/ffffff,12
801,1,20,http://dummyimage.com/500x500.png/5fa2dd/ffffff,85
802,95,7,http://dummyimage.com/500x500.png/cc0000/ffffff,96
803,82,12,http://dummyimage.com/500x500.png/dddddd/000000,45
804,23,2,http://dummyimage.com/500x500.png/dddddd/000000,3
805,58,15,http://dummyimage.com/500x500.png/ff4444/ffffff,100
806,49,10,http://dummyimage.com/500x500.png/dddddd/000000,3
807,42,9,http://dummyimage.com/500x500.png/ff4444/ffffff,76
808,6,3,http://dummyimage.com/500x500.png/cc0000/ffffff,53
809,72,2,http://dummyimage.com/500x500.png/cc0000/ffffff,100
810,16,6,http://dummyimage.com/500x500.png/dddddd/000000,64
811,14,8,http://dummyimage.com/500x500.png/dddddd/000000,68
812,65,19,http://dummyimage.com/500x500.png/ff4444/ffffff,45
813,26,16,http://dummyimage.com/500x500.png/dddddd/000000,94
814,89,18,http://dummyimage.com/500x500.png/5fa2dd/ffffff,91
815,4,18,http://dummyimage.com/500x500.png/cc0000/ffffff,45
816,37,19,http://dummyimage.com/500x500.png/dddddd/000000,46
817,59,4,http://dummyimage.com/500x500.png/ff4444/ffffff,79
818,81,18,http://dummyimage.com/500x500.png/5fa2dd/ffffff,70
819,47,2,http://dummyimage.com/500x500.png/dddddd/000000,22
820,55,20,http://dummyimage.com/500x500.png/dddddd/000000,0
821,45,13,http://dummyimage.com/500x500.png/dddddd/000000,43
822,95,5,http://dummyimage.com/500x500.png/5fa2dd/ffffff,28
823,46,17,http://dummyimage.com/500x500.png/dddddd/000000,16
824,8,10,http://dummyimage.com/500x500.png/dddddd/000000,29
825,63,13,http://dummyimage.com/500x500.png/dddddd/000000,82
826,26,13,http://dummyimage.com/500x500.png/cc0000/ffffff,13
827,20,20,http://dummyimage.com/500x500.png/ff4444/ffffff,54
828,74,18,http://dummyimage.com/500x500.png/cc0000/ffffff,28
829,31,14,http://dummyimage.com/500x500.png/cc0000/ffffff,1
830,77,9,http://dummyimage.com/500x500.png/5fa2dd/ffffff,31
831,63,7,http://dummyimage.com/500x500.png/ff4444/ffffff,100
832,6,19,http://dummyimage.com/500x500.png/5fa2dd/ffffff,1
833,29,4,http://dummyimage.com/500x500.png/5fa2dd/ffffff,7
834,88,5,http://dummyimage.com/500x500.png/cc0000/ffffff,80
835,41,8,http://dummyimage.com/500x500.png/dddddd/000000,74
836,48,1,http://dummyimage.com/500x500.png/cc0000/ffffff,51
837,7,13,http://dummyimage.com/500x500.png/cc0000/ffffff,40
838,49,20,http://dummyimage.com/500x500.png/cc0000/ffffff,80
839,98,13,http://dummyimage.com/500x500.png/dddddd/000000,1
840,86,16,http://dummyimage.com/500x500.png/dddddd/000000,14
841,74,8,http://dummyimage.com/500x500.png/cc0000/ffffff,79
842,91,20,http://dummyimage.com/500x500.png/dddddd/000000,12
843,61,9,http://dummyimage.com/500x500.png/dddddd/000000,50
844,38,5,http://dummyimage.com/500x500.png/5fa2dd/ffffff,62
845,6,5,http://dummyimage.com/500x500.png/cc0000/ffffff,57
846,80,14,http://dummyimage.com/500x500.png/ff4444/ffffff,6
847,52,9,http://dummyimage.com/500x500.png/5fa2dd/ffffff,71
848,41,7,http://dummyimage.com/500x500.png/dddddd/000000,7
849,25,16,http://dummyimage.com/500x500.png/5fa2dd/ffffff,38
850,63,2,http://dummyimage.com/500x500.png/5fa2dd/ffffff,53
851,78,7,http://dummyimage.com/500x500.png/cc0000/ffffff,35
852,28,12,http://dummyimage.com/500x500.png/dddddd/000000,69
853,21,18,http://dummyimage.com/500x500.png/ff4444/ffffff,68
854,39,19,http://dummyimage.com/500x500.png/dddddd/000000,88
855,25,6,http://dummyimage.com/500x500.png/5fa2dd/ffffff,97
856,13,7,http://dummyimage.com/500x500.png/ff4444/ffffff,68
857,44,5,http://dummyimage.com/500x500.png/ff4444/ffffff,74
858,40,16,http://dummyimage.com/500x500.png/ff4444/ffffff,50
859,82,5,http://dummyimage.com/500x500.png/cc0000/ffffff,83
860,83,13,http://dummyimage.com/500x500.png/5fa2dd/ffffff,39
861,4,1,http://dummyimage.com/500x500.png/dddddd/000000,48
862,92,18,http://dummyimage.com/500x500.png/5fa2dd/ffffff,33
863,11,11,http://dummyimage.com/500x500.png/cc0000/ffffff,48
864,5,13,http://dummyimage.com/500x500.png/ff4444/ffffff,51
865,55,8,http://dummyimage.com/500x500.png/ff4444/ffffff,32
866,18,10,http://dummyimage.com/500x500.png/dddddd/000000,25
867,78,20,http://dummyimage.com/500x500.png/ff4444/ffffff,5
868,64,1,http://dummyimage.com/500x500.png/cc0000/ffffff,38
869,19,1,http://dummyimage.com/500x500.png/dddddd/000000,85
870,10,19,http://dummyimage.com/500x500.png/dddddd/000000,10
871,85,7,http://dummyimage.com/500x500.png/dddddd/000000,37
872,83,8,http://dummyimage.com/500x500.png/5fa2dd/ffffff,14
873,31,3,http://dummyimage.com/500x500.png/5fa2dd/ffffff,17
874,36,7,http://dummyimage.com/500x500.png/dddddd/000000,7
875,27,5,http://dummyimage.com/500x500.png/dddddd/000000,12
876,100,15,http://dummyimage.com/500x500.png/5fa2dd/ffffff,74
877,66,11,http://dummyimage.com/500x500.png/cc0000/ffffff,0
878,23,12,http://dummyimage.com/500x500.png/cc0000/ffffff,88
879,58,1,http://dummyimage.com/500x500.png/dddddd/000000,43
880,24,18,http://dummyimage.com/500x500.png/ff4444/ffffff,95
881,86,19,http://dummyimage.com/500x500.png/ff4444/ffffff,1
882,87,8,http://dummyimage.com/500x500.png/dddddd/000000,90
883,89,17,http://dummyimage.com/500x500.png/dddddd/000000,6
884,23,19,http://dummyimage.com/500x500.png/dddddd/000000,82
885,30,17,http://dummyimage.com/500x500.png/dddddd/000000,33
886,51,10,http://dummyimage.com/500x500.png/dddddd/000000,62
887,32,14,http://dummyimage.com/500x500.png/5fa2dd/ffffff,95
888,12,18,http://dummyimage.com/500x500.png/ff4444/ffffff,63
889,29,17,http://dummyimage.com/500x500.png/cc0000/ffffff,71
890,83,12,http://dummyimage.com/500x500.png/ff4444/ffffff,10
891,36,13,http://dummyimage.com/500x500.png/dddddd/000000,74
892,18,10,http://dummyimage.com/500x500.png/5fa2dd/ffffff,35
893,67,15,http://dummyimage.com/500x500.png/dddddd/000000,76
894,74,6,http://dummyimage.com/500x500.png/cc0000/ffffff,75
895,12,13,http://dummyimage.com/500x500.png/cc0000/ffffff,10
896,79,20,http://dummyimage.com/500x500.png/cc0000/ffffff,95
897,79,15,http://dummyimage.com/500x500.png/5fa2dd/ffffff,19
898,9,20,http://dummyimage.com/500x500.png/dddddd/000000,77
899,28,16,http://dummyimage.com/500x500.png/dddddd/000000,74
900,4,17,http://dummyimage.com/500x500.png/5fa2dd/ffffff,36
901,31,11,http://dummyimage.com/500x500.png/ff4444/ffffff,92
902,95,18,http://dummyimage.com/500x500.png/5fa2dd/ffffff,45
903,18,18,http://dummyimage.com/500x500.png/ff4444/ffffff,72
904,14,2,http://dummyimage.com/500x500.png/dddddd/000000,2
905,20,8,http://dummyimage.com/500x500.png/dddddd/000000,90
906,98,4,http://dummyimage.com/500x500.png/cc0000/ffffff,94
907,1,9,http://dummyimage.com/500x500.png/5fa2dd/ffffff,21
908,91,5,http://dummyimage.com/500x500.png/ff4444/ffffff,28
909,23,9,http://dummyimage.com/500x500.png/cc0000/ffffff,14
910,27,1,http://dummyimage.com/500x500.png/dddddd/000000,81
911,46,5,http://dummyimage.com/500x500.png/cc0000/ffffff,51
912,31,2,http://dummyimage.com/500x500.png/cc0000/ffffff,22
913,66,2,http://dummyimage.com/500x500.png/cc0000/ffffff,25
914,20,12,http://dummyimage.com/500x500.png/5fa2dd/ffffff,53
915,28,3,http://dummyimage.com/500x500.png/5fa2dd/ffffff,86
916,20,10,http://dummyimage.com/500x500.png/dddddd/000000,99
917,83,14,http://dummyimage.com/500x500.png/ff4444/ffffff,74
918,59,15,http://dummyimage.com/500x500.png/ff4444/ffffff,33
919,67,6,http://dummyimage.com/500x500.png/cc0000/ffffff,90
920,53,7,http://dummyimage.com/500x500.png/ff4444/ffffff,100
921,71,8,http://dummyimage.com/500x500.png/ff4444/ffffff,50
922,42,5,http://dummyimage.com/500x500.png/5fa2dd/ffffff,22
923,67,11,http://dummyimage.com/500x500.png/5fa2dd/ffffff,24
924,29,1,http://dummyimage.com/500x500.png/dddddd/000000,19
925,78,2,http://dummyimage.com/500x500.png/ff4444/ffffff,87
926,40,6,http://dummyimage.com/500x500.png/cc0000/ffffff,7
927,21,20,http://dummyimage.com/500x500.png/ff4444/ffffff,97
928,30,19,http://dummyimage.com/500x500.png/dddddd/000000,49
929,4,1,http://dummyimage.com/500x500.png/dddddd/000000,24
930,59,5,http://dummyimage.com/500x500.png/5fa2dd/ffffff,50
931,79,2,http://dummyimage.com/500x500.png/dddddd/000000,4
932,13,12,http://dummyimage.com/500x500.png/ff4444/ffffff,69
933,87,2,http://dummyimage.com/500x500.png/ff4444/ffffff,7
934,12,13,http://dummyimage.com/500x500.png/5fa2dd/ffffff,66
935,43,14,http://dummyimage.com/500x500.png/5fa2dd/ffffff,53
936,38,4,http://dummyimage.com/500x500.png/ff4444/ffffff,2
937,26,20,http://dummyimage.com/500x500.png/ff4444/ffffff,15
938,29,14,http://dummyimage.com/500x500.png/ff4444/ffffff,63
939,1,8,http://dummyimage.com/500x500.png/ff4444/ffffff,22
940,11,13,http://dummyimage.com/500x500.png/ff4444/ffffff,14
941,20,3,http://dummyimage.com/500x500.png/cc0000/ffffff,84
942,38,6,http://dummyimage.com/500x500.png/dddddd/000000,49
943,95,1,http://dummyimage.com/500x500.png/5fa2dd/ffffff,45
944,93,8,http://dummyimage.com/500x500.png/dddddd/000000,98
945,71,8,http://dummyimage.com/500x500.png/ff4444/ffffff,35
946,79,20,http://dummyimage.com/500x500.png/ff4444/ffffff,38
947,88,16,http://dummyimage.com/500x500.png/5fa2dd/ffffff,86
948,4,17,http://dummyimage.com/500x500.png/dddddd/000000,52
949,97,8,http://dummyimage.com/500x500.png/cc0000/ffffff,41
950,86,8,http://dummyimage.com/500x500.png/dddddd/000000,86
951,28,9,http://dummyimage.com/500x500.png/dddddd/000000,27
952,40,5,http://dummyimage.com/500x500.png/cc0000/ffffff,24
953,30,15,http://dummyimage.com/500x500.png/ff4444/ffffff,94
954,29,12,http://dummyimage.com/500x500.png/5fa2dd/ffffff,38
955,12,1,http://dummyimage.com/500x500.png/cc0000/ffffff,2
956,27,6,http://dummyimage.com/500x500.png/dddddd/000000,40
957,69,11,http://dummyimage.com/500x500.png/5fa2dd/ffffff,93
958,23,3,http://dummyimage.com/500x500.png/5fa2dd/ffffff,21
959,25,18,http://dummyimage.com/500x500.png/dddddd/000000,21
960,67,12,http://dummyimage.com/500x500.png/dddddd/000000,15
961,2,4,http://dummyimage.com/500x500.png/dddddd/000000,4
962,14,20,http://dummyimage.com/500x500.png/5fa2dd/ffffff,5
963,64,8,http://dummyimage.com/500x500.png/cc0000/ffffff,54
964,92,19,http://dummyimage.com/500x500.png/dddddd/000000,3
965,86,10,http://dummyimage.com/500x500.png/cc0000/ffffff,9
966,31,9,http://dummyimage.com/500x500.png/5fa2dd/ffffff,1
967,51,18,http://dummyimage.com/500x500.png/dddddd/000000,69
968,79,1,http://dummyimage.com/500x500.png/ff4444/ffffff,70
969,60,4,http://dummyimage.com/500x500.png/5fa2dd/ffffff,61
970,58,19,http://dummyimage.com/500x500.png/cc0000/ffffff,82
971,35,11,http://dummyimage.com/500x500.png/dddddd/000000,90
972,43,2,http://dummyimage.com/500x500.png/ff4444/ffffff,22
973,28,12,http://dummyimage.com/500x500.png/ff4444/ffffff,2
974,77,13,http://dummyimage.com/500x500.png/dddddd/000000,82
975,40,4,http://dummyimage.com/500x500.png/dddddd/000000,86
976,89,13,http://dummyimage.com/500x500.png/cc0000/ffffff,52
977,52,15,http://dummyimage.com/500x500.png/dddddd/000000,94
978,66,17,http://dummyimage.com/500x500.png/cc0000/ffffff,6
979,37,17,http://dummyimage.com/500x500.png/ff4444/ffffff,31
980,98,4,http://dummyimage.com/500x500.png/ff4444/ffffff,9
981,43,16,http://dummyimage.com/500x500.png/ff4444/ffffff,25
982,16,3,http://dummyimage.com/500x500.png/cc0000/ffffff,28
983,99,10,http://dummyimage.com/500x500.png/5fa2dd/ffffff,68
984,33,6,http://dummyimage.com/500x500.png/ff4444/ffffff,31
985,44,14,http://dummyimage.com/500x500.png/ff4444/ffffff,78
986,91,15,http://dummyimage.com/500x500.png/ff4444/ffffff,28
987,75,14,http://dummyimage.com/500x500.png/5fa2dd/ffffff,29
988,45,2,http://dummyimage.com/500x500.png/5fa2dd/ffffff,24
989,67,19,http://dummyimage.com/500x500.png/ff4444/ffffff,4
990,65,18,http://dummyimage.com/500x500.png/dddddd/000000,97
991,68,12,http://dummyimage.com/500x500.png/5fa2dd/ffffff,84
992,29,12,http://dummyimage.com/500x500.png/ff4444/ffffff,87
993,10,12,http://dummyimage.com/500x500.png/5fa2dd/ffffff,41
994,84,19,http://dummyimage.com/500x500.png/5fa2dd/ffffff,32
995,11,6,http://dummyimage.com/500x500.png/ff4444/ffffff,95
996,16,7,http://dummyimage.com/500x500.png/5fa2dd/ffffff,93
997,83,3,http://dummyimage.com/500x500.png/cc0000/ffffff,36
998,56,5,http://dummyimage.com/500x500.png/5fa2dd/ffffff,47
999,44,1,http://dummyimage.com/500x500.png/cc0000/ffffff,95
1000,65,20,http://dummyimage.com/500x500.png/cc0000/ffffff,7
